{"stats":{"minecraft:custom":{"minecraft:time_since_rest":13368,"minecraft:play_time":13368,"minecraft:crouch_one_cm":418,"lootr:looted_stat":4,"minecraft:sprint_one_cm":17921,"minecraft:damage_taken":20,"minecraft:walk_one_cm":44050,"minecraft:sneak_time":56,"minecraft:jump":43,"minecraft:interact_with_blast_furnace":1,"minecraft:leave_game":2,"minecraft:time_since_death":13368,"minecraft:total_world_time":13368,"minecraft:climb_one_cm":339,"minecraft:freezer_opened":2,"minecraft:fall_one_cm":962,"minecraft:fly_one_cm":5010},"minecraft:picked_up":{"farmersdelight:shepherds_pie_block":1,"embellishcraft:gneiss_large_bricks_wall":1,"farmersdelight:potato_crate":1,"farmersdelight:tomato_crate":1,"farmersdelight:cabbage_crate":1,"farmersdelight:carrot_crate":1,"minecraft:iron_bars":2},"minecraft:mined":{"farmersdelight:cabbage_crate":1,"farmersdelight:shepherds_pie_block":1,"minecraft:iron_bars":2,"farmersdelight:carrot_crate":1,"embellishcraft:gneiss_large_bricks_wall":1,"farmersdelight:potato_crate":1,"farmersdelight:tomato_crate":1,"minecraft:spawner":3},"minecraft:used":{"apocalypsenow:knife_spear":1,"farmersdelight:shepherds_pie_block":1,"minecraft:wooden_pickaxe":10},"minecraft:crafted":{"minecraft:air":36}},"DataVersion":2975}